node_id,chain_id,residue_name,residue_number,grau,degree_centrality,closeness,eigenvector,pagerank,betweenness,x,y,z
373,C,ALA,88,16,0.028021015761821366,0.17308275234919673,0.012600384816432211,0.002673939258320451,0.017212178362814707,13.833999633789062,12.333999633789062,-2.5160000324249268
87,A,ALA,88,16,0.028021015761821366,0.1796162315193457,0.0022012801018790164,0.0026597877000770053,0.023569834610397668,18.68600082397461,13.904999732971191,26.558000564575195
200,B,LYS,61,17,0.0297723292469352,0.15073917634635692,0.2550017279295893,0.0026305684894372006,0.006132500221514612,-7.828000068664551,0.8870000243186951,-5.454999923706055
344,C,GLY,59,17,0.0297723292469352,0.15918594926122107,0.004297911856807465,0.0026201176945132377,0.010845224750875291,31.516000747680664,3.5239999294281006,-4.284999847412109
518,D,CYS,93,15,0.02626970227670753,0.16622998544395926,0.001551280729201055,0.0025956854819038522,0.007828439731180038,13.192999839782715,-6.85699987411499,31.579999923706055
232,B,CYS,93,15,0.02626970227670753,0.16843657817109145,0.007675057974906861,0.0025728010842011335,0.009072084702988672,12.298999786376953,-10.125,-3.4519999027252197
486,D,LYS,61,16,0.028021015761821366,0.15125827814569537,0.0017075052376515029,0.0025375384662378853,0.006550094677476065,35.56800079345703,-2.0969998836517334,32.277000427246094
58,A,GLY,59,16,0.028021015761821366,0.15834719911259013,0.03201802839694496,0.00250008044155881,0.008919605072115333,-0.5509999990463257,11.91100025177002,29.3700008392334
566,D,LEU,141,15,0.02626970227670753,0.16913507109004738,0.000997979968736421,0.0024792168790557763,0.01709703606116864,17.89299964904785,-11.118000030517578,25.139999389648438
489,D,GLY,64,16,0.028021015761821366,0.15226666666666666,0.0018630028690545444,0.002478082726909352,0.008048574222478162,32.152000427246094,-4.875999927520752,30.007999420166016
310,C,GLY,25,16,0.028021015761821366,0.16436384571099596,0.00414894906670021,0.0024597437737990994,0.01623948957725246,33.117000579833984,3.50600004196167,-0.625
279,B,ALA,140,15,0.02626970227670753,0.1629566210045662,0.017578344020658974,0.002455188651374884,0.00975806288038207,6.784999847412109,-13.449999809265137,6.872000217437744
54,A,VAL,55,14,0.024518388791593695,0.15287817938420348,0.017775329703680003,0.00245451949117076,0.010089976288019305,-0.3720000088214874,7.466000080108643,33.12300109863281
340,C,VAL,55,14,0.024518388791593695,0.15411605937921727,0.002381829582397929,0.0024431829451452844,0.012435113132103272,30.010000228881836,-1.125,-7.377999782562256
280,B,LEU,141,15,0.02626970227670753,0.16804002354326075,0.017990640720795585,0.00243911658871281,0.012753928783338746,6.908999919891357,-11.487000465393066,3.6110000610351562
163,B,GLY,24,16,0.028021015761821366,0.15069939297967802,0.26098819050004074,0.0024362702993988867,0.00596006484148214,-7.188000202178955,-2.2780001163482666,1.0729999542236328
554,D,ALA,129,14,0.024518388791593695,0.16637529137529136,0.0010004834495312782,0.002424582909928842,0.023363716879900215,28.378000259399414,-13.49899959564209,9.970999717712402
203,B,GLY,64,16,0.028021015761821366,0.1517406324740898,0.26995061099568274,0.0024182579577642998,0.0066372015252355,-5.126999855041504,-2.306999921798706,-2.624000072479248
479,D,VAL,54,14,0.024518388791593695,0.15730027548209366,0.0009037249898154541,0.0024176110256829714,0.014881649324534563,34.55099868774414,6.515999794006348,30.481000900268555
193,B,VAL,54,14,0.024518388791593695,0.15695437053326003,0.09885774595654764,0.0023942789932097416,0.010127427553745726,-3.9670000076293945,8.975000381469727,-5.293000221252441
