node_id,chain_id,residue_name,residue_number,grau,degree_centrality,closeness,eigenvector,pagerank,betweenness,x,y,z
344,C,GLY,59,17,0.0297723292469352,0.15918594926122107,0.004297911856807465,0.0026201176945132377,0.010845224750875291,31.516000747680664,3.5239999294281006,-4.284999847412109
200,B,LYS,61,17,0.0297723292469352,0.15073917634635692,0.2550017279295893,0.0026305684894372006,0.006132500221514612,-7.828000068664551,0.8870000243186951,-5.454999923706055
163,B,GLY,24,16,0.028021015761821366,0.15069939297967802,0.26098819050004074,0.0024362702993988867,0.00596006484148214,-7.188000202178955,-2.2780001163482666,1.0729999542236328
87,A,ALA,88,16,0.028021015761821366,0.1796162315193457,0.0022012801018790164,0.0026597877000770053,0.023569834610397668,18.68600082397461,13.904999732971191,26.558000564575195
373,C,ALA,88,16,0.028021015761821366,0.17308275234919673,0.012600384816432211,0.002673939258320451,0.017212178362814707,13.833999633789062,12.333999633789062,-2.5160000324249268
310,C,GLY,25,16,0.028021015761821366,0.16436384571099596,0.00414894906670021,0.0024597437737990994,0.01623948957725246,33.117000579833984,3.50600004196167,-0.625
489,D,GLY,64,16,0.028021015761821366,0.15226666666666666,0.0018630028690545444,0.002478082726909352,0.008048574222478162,32.152000427246094,-4.875999927520752,30.007999420166016
486,D,LYS,61,16,0.028021015761821366,0.15125827814569537,0.0017075052376515029,0.0025375384662378853,0.006550094677476065,35.56800079345703,-2.0969998836517334,32.277000427246094
203,B,GLY,64,16,0.028021015761821366,0.1517406324740898,0.26995061099568274,0.0024182579577642998,0.0066372015252355,-5.126999855041504,-2.306999921798706,-2.624000072479248
58,A,GLY,59,16,0.028021015761821366,0.15834719911259013,0.03201802839694496,0.00250008044155881,0.008919605072115333,-0.5509999990463257,11.91100025177002,29.3700008392334
279,B,ALA,140,15,0.02626970227670753,0.1629566210045662,0.017578344020658974,0.002455188651374884,0.00975806288038207,6.784999847412109,-13.449999809265137,6.872000217437744
449,D,GLY,24,15,0.02626970227670753,0.1510981741201376,0.0016535054076713043,0.002361004721283966,0.00772233016569933,34.32099914550781,-6.144000053405762,26.48900032043457
450,D,GLY,25,15,0.02626970227670753,0.15161975570897504,0.0018065028142865882,0.002333507150831355,0.0038658511493091297,35.7130012512207,-3.11899995803833,28.344999313354492
280,B,LEU,141,15,0.02626970227670753,0.16804002354326075,0.017990640720795585,0.00243911658871281,0.012753928783338746,6.908999919891357,-11.487000465393066,3.6110000610351562
164,B,GLY,25,15,0.02626970227670753,0.15105820105820106,0.25823475349266695,0.002277965972349742,0.003182269981720497,-7.776000022888184,0.640999972820282,-1.3250000476837158
232,B,CYS,93,15,0.02626970227670753,0.16843657817109145,0.007675057974906861,0.0025728010842011335,0.009072084702988672,12.298999786376953,-10.125,-3.4519999027252197
518,D,CYS,93,15,0.02626970227670753,0.16622998544395926,0.001551280729201055,0.0025956854819038522,0.007828439731180038,13.192999839782715,-6.85699987411499,31.579999923706055
566,D,LEU,141,15,0.02626970227670753,0.16913507109004738,0.000997979968736421,0.0024792168790557763,0.01709703606116864,17.89299964904785,-11.118000030517578,25.139999389648438
24,A,GLY,25,15,0.02626970227670753,0.163049685893775,0.03206223013443846,0.002335664536926218,0.016155954823516755,-2.242000102996826,11.795999526977539,25.458999633789062
110,A,ALA,111,14,0.024518388791593695,0.15588315588315588,0.041056028631658054,0.0022350440375629582,0.004137991083178937,-9.842000007629395,6.958000183105469,16.488000869750977
